DELETE FROM calendario.eventos_envolvidos;
DELETE FROM calendario.aprovacoes;
DELETE FROM calendario.auditoria_operacoes;
DELETE FROM calendario.eventos;
DELETE FROM calendario.eventos_recorrencia;
DELETE FROM calendario.projetos_eventos;
DELETE FROM calendario.membros_organizacao;
DELETE FROM calendario.usuarios;
DELETE FROM calendario.organizacoes;

INSERT INTO calendario.organizacoes (id, nome)
VALUES
    ('00000000-0000-0000-0000-000000000001', 'Organizacao Default'),
    ('00000000-0000-0000-0000-0000000000aa', 'Pastoral A'),
    ('00000000-0000-0000-0000-0000000000bb', 'Pastoral B'),
    ('00000000-0000-0000-0000-0000000000cc', 'Conselho C'),
    ('00000000-0000-0000-0000-0000000000dd', 'Clero D');

INSERT INTO calendario.usuarios (id, username, password_hash, enabled)
VALUES
    ('00000000-0000-0000-0000-000000000001', 'joao.silva', '{noop}senha123', TRUE),
    ('00000000-0000-0000-0000-000000000002', 'maria.secretaria', '{noop}senha123', TRUE),
    ('00000000-0000-0000-0000-000000000003', 'pedro.membro', '{noop}senha123', TRUE),
    ('00000000-0000-0000-0000-000000000004', 'ana.conselho', '{noop}senha123', TRUE),
    ('00000000-0000-0000-0000-000000000005', 'usuario.inativo', '{noop}senha123', FALSE),
    ('00000000-0000-0000-0000-000000000006', 'clara.invalida', '{noop}senha123', TRUE),
    ('00000000-0000-0000-0000-000000000007', 'sem.vinculo', '{noop}senha123', TRUE);

INSERT INTO calendario.membros_organizacao (id, usuario_id, organizacao_id, tipo_organizacao, papel, ativo)
VALUES
    ('10000000-0000-0000-0000-000000000001', '00000000-0000-0000-0000-000000000001', '00000000-0000-0000-0000-0000000000aa', 'PASTORAL', 'coordenador', TRUE),
    ('10000000-0000-0000-0000-000000000002', '00000000-0000-0000-0000-000000000002', '00000000-0000-0000-0000-0000000000cc', 'CONSELHO', 'secretario', TRUE),
    ('10000000-0000-0000-0000-000000000003', '00000000-0000-0000-0000-000000000003', '00000000-0000-0000-0000-0000000000aa', 'PASTORAL', 'membro', TRUE),
    ('10000000-0000-0000-0000-000000000004', '00000000-0000-0000-0000-000000000004', '00000000-0000-0000-0000-0000000000cc', 'CONSELHO', 'coordenador', TRUE),
    ('10000000-0000-0000-0000-000000000005', '00000000-0000-0000-0000-000000000004', '00000000-0000-0000-0000-0000000000bb', 'PASTORAL', 'coordenador', TRUE),
    ('10000000-0000-0000-0000-000000000006', '00000000-0000-0000-0000-000000000006', '00000000-0000-0000-0000-0000000000dd', 'CLERO', 'secretario', TRUE),
    ('10000000-0000-0000-0000-000000000007', '00000000-0000-0000-0000-000000000007', '00000000-0000-0000-0000-0000000000aa', 'PASTORAL', 'membro', TRUE);
